"coach"|"0.0"|"4"|"0"|"4"
"forget"|"0.0"|"10"|"0"|"10"
"depends"|"0.0"|"3"|"0"|"3"
"control"|"0.0"|"6"|"0"|"6"
"dentistry"|"0.0"|"5"|"0"|"5"
"osu"|"0.0"|"3"|"0"|"3"
"results"|"0.0"|"3"|"0"|"3"
"founded"|"0.0"|"3"|"0"|"3"
"baby"|"0.0"|"3"|"0"|"3"
"skate"|"0.0"|"3"|"0"|"3"
"ice"|"0.0"|"40"|"0"|"40"
"battle"|"0.0"|"3"|"0"|"3"
"shot"|"0.0"|"4"|"0"|"4"
"werent"|"0.0"|"6"|"0"|"6"
"conversation"|"0.0"|"3"|"0"|"3"
"hate"|"0.0"|"20"|"0"|"20"
"issues"|"0.0"|"3"|"0"|"3"
"whose"|"0.0"|"4"|"0"|"4"
"zone"|"0.0"|"16"|"0"|"16"
"tv"|"0.0"|"6"|"0"|"6"
"failed"|"0.0"|"3"|"0"|"3"
"seats"|"0.0"|"3"|"0"|"3"
"father"|"0.0"|"3"|"0"|"3"
"young"|"0.0"|"5"|"0"|"5"
"send"|"0.0"|"3"|"0"|"3"
"former"|"0.0"|"3"|"0"|"3"
"0"|"0.0"|"3"|"0"|"3"
"does"|"0.0"|"23"|"0"|"23"
"under"|"0.0"|"6"|"0"|"6"
"lord"|"0.0"|"5"|"0"|"5"
"sorry"|"0.0"|"8"|"0"|"8"
"charity"|"0.0"|"7"|"0"|"7"
"worth"|"0.0"|"10"|"0"|"10"
"started"|"0.0"|"7"|"0"|"7"
"shoot"|"0.0"|"3"|"0"|"3"
"updated"|"0.0"|"3"|"0"|"3"
"risk"|"0.0"|"3"|"0"|"3"
"song"|"0.0"|"16"|"0"|"16"
"very"|"0.0"|"13"|"0"|"13"
"dollar"|"0.0"|"4"|"0"|"4"
"regional"|"0.0"|"4"|"0"|"4"
"faq"|"0.0"|"7"|"0"|"7"
"vegas"|"0.0"|"8"|"0"|"8"
"every"|"0.0"|"28"|"0"|"28"
"jack"|"0.0"|"4"|"0"|"4"
"ticket"|"0.0"|"6"|"0"|"6"
"bringing"|"0.0"|"4"|"0"|"4"
"cool"|"0.0"|"18"|"0"|"18"
"tickets"|"0.0"|"9"|"0"|"9"
"school"|"0.0"|"10"|"0"|"10"
"usa"|"0.0"|"7"|"0"|"7"
"level"|"0.0"|"7"|"0"|"7"
"apartheid"|"0.0"|"4"|"0"|"4"
"posts"|"0.0"|"9"|"0"|"9"
"leave"|"0.0"|"10"|"0"|"10"
"sand"|"0.0"|"3"|"0"|"3"
"highway"|"0.0"|"4"|"0"|"4"
"small"|"0.0"|"14"|"0"|"14"
"sidewalk"|"0.0"|"3"|"0"|"3"
"referred"|"0.0"|"3"|"0"|"3"
"lines"|"0.0"|"5"|"0"|"5"
"enjoy"|"0.0"|"4"|"0"|"4"
"ahead"|"0.0"|"3"|"0"|"3"
"olympic"|"0.0"|"5"|"0"|"5"
"cap"|"0.0"|"3"|"0"|"3"
"force"|"0.0"|"4"|"0"|"4"
"completely"|"0.0"|"6"|"0"|"6"
"streets"|"0.0"|"3"|"0"|"3"
"bacon"|"0.0"|"3"|"0"|"3"
"past"|"0.0"|"6"|"0"|"6"
"across"|"0.0"|"3"|"0"|"3"
"second"|"0.0"|"4"|"0"|"4"
"street"|"0.0"|"11"|"0"|"11"
"summer"|"0.0"|"4"|"0"|"4"
"go"|"0.0"|"44"|"0"|"44"
"subreddithttpsnpredditcomrhockeyaboutbanned"|"0.0"|"7"|"0"|"7"
"further"|"0.0"|"3"|"0"|"3"
"mehttpsredditcommessagecomposetowikitextbotampmessageexcludemeampsubjectexcludeme"|"0.0"|"7"|"0"|"7"
"90s"|"0.0"|"31"|"0"|"31"
"plays"|"0.0"|"6"|"0"|"6"
"sub"|"0.0"|"11"|"0"|"11"
"rate"|"0.0"|"5"|"0"|"5"
"chicago"|"0.0"|"12"|"0"|"12"
"giving"|"0.0"|"4"|"0"|"4"
"fact"|"0.0"|"11"|"0"|"11"
"section"|"0.0"|"3"|"0"|"3"
"maccabiah"|"0.0"|"18"|"0"|"18"
"while"|"0.0"|"23"|"0"|"23"
"current"|"0.0"|"3"|"0"|"3"
"waiting"|"0.0"|"3"|"0"|"3"
"version"|"0.0"|"5"|"0"|"5"
"goes"|"0.0"|"8"|"0"|"8"
"destroyed"|"0.0"|"3"|"0"|"3"
"net"|"0.0"|"3"|"0"|"3"
"ever"|"0.0"|"24"|"0"|"24"
"public"|"0.0"|"8"|"0"|"8"
"told"|"0.0"|"7"|"0"|"7"
"edited"|"0.0"|"3"|"0"|"3"
"full"|"0.0"|"11"|"0"|"11"
"leg"|"0.0"|"5"|"0"|"5"
"never"|"0.0"|"35"|"0"|"35"
"meh"|"0.0"|"3"|"0"|"3"
"here"|"0.0"|"38"|"0"|"38"
"knocked"|"0.0"|"3"|"0"|"3"
"baseball"|"0.0"|"3"|"0"|"3"
"others"|"0.0"|"4"|"0"|"4"
"alone"|"0.0"|"3"|"0"|"3"
"100"|"0.0"|"5"|"0"|"5"
"quite"|"0.0"|"4"|"0"|"4"
"change"|"0.0"|"8"|"0"|"8"
"wait"|"0.0"|"7"|"0"|"7"
"arena"|"0.0"|"14"|"0"|"14"
"boy"|"0.0"|"5"|"0"|"5"
"great"|"0.0"|"18"|"0"|"18"
"kids"|"0.0"|"21"|"0"|"21"
"forum"|"0.0"|"4"|"0"|"4"
"canadian"|"0.0"|"4"|"0"|"4"
"famer"|"0.0"|"3"|"0"|"3"
"bot"|"0.0"|"13"|"0"|"13"
"alaska"|"0.0"|"5"|"0"|"5"
"dee"|"0.0"|"4"|"0"|"4"
"host"|"0.0"|"6"|"0"|"6"
"amount"|"0.0"|"4"|"0"|"4"
"arent"|"0.0"|"10"|"0"|"10"
"within"|"0.0"|"5"|"0"|"5"
"pick"|"0.0"|"4"|"0"|"4"
"usually"|"0.0"|"3"|"0"|"3"
"weird"|"0.0"|"10"|"0"|"10"
"makes"|"0.0"|"11"|"0"|"11"
"montreal"|"0.0"|"3"|"0"|"3"
"thats"|"0.0"|"60"|"0"|"60"
"golden"|"0.0"|"3"|"0"|"3"
"love"|"0.0"|"28"|"0"|"28"
"goalies"|"0.0"|"10"|"0"|"10"
"sourcehttpsgithubcomkittenswolfwikitextbot"|"0.0"|"7"|"0"|"7"
"africa"|"0.0"|"3"|"0"|"3"
"brought"|"0.0"|"5"|"0"|"5"
"havent"|"0.0"|"4"|"0"|"4"
"total"|"0.0"|"3"|"0"|"3"
"r90sdesign"|"0.0"|"3"|"0"|"3"
"bruins"|"0.0"|"11"|"0"|"11"
"use"|"0.0"|"10"|"0"|"10"
"from"|"0.0"|"64"|"0"|"64"
"takes"|"0.0"|"3"|"0"|"3"
"msu"|"0.0"|"5"|"0"|"5"
"century"|"0.0"|"3"|"0"|"3"
"dude"|"0.0"|"10"|"0"|"10"
"negative"|"0.0"|"3"|"0"|"3"
"sports"|"0.0"|"15"|"0"|"15"
"few"|"0.0"|"13"|"0"|"13"
"wayne"|"0.0"|"3"|"0"|"3"
"wondering"|"0.0"|"3"|"0"|"3"
"teeth"|"0.0"|"14"|"0"|"14"
"msg"|"0.0"|"9"|"0"|"9"
"antidentite"|"0.0"|"4"|"0"|"4"
"tell"|"0.0"|"8"|"0"|"8"
"sort"|"0.0"|"6"|"0"|"6"
"israel"|"0.0"|"22"|"0"|"22"
"throws"|"0.0"|"3"|"0"|"3"
"dentists"|"0.0"|"4"|"0"|"4"
"holy"|"0.0"|"10"|"0"|"10"
"afford"|"0.0"|"8"|"0"|"8"
"haha"|"0.0"|"7"|"0"|"7"
"glass"|"0.0"|"3"|"0"|"3"
"train"|"0.0"|"5"|"0"|"5"
"everywhere"|"0.0"|"3"|"0"|"3"
"sens"|"0.0"|"3"|"0"|"3"
"known"|"0.0"|"4"|"0"|"4"
"90"|"0.0"|"3"|"0"|"3"
"wild"|"0.0"|"7"|"0"|"7"
"hold"|"0.0"|"3"|"0"|"3"
"td"|"0.0"|"9"|"0"|"9"
"negativity"|"0.0"|"3"|"0"|"3"
"must"|"0.0"|"10"|"0"|"10"
"majority"|"0.0"|"6"|"0"|"6"
"keeping"|"0.0"|"3"|"0"|"3"
"thread"|"0.0"|"5"|"0"|"5"
"car"|"0.0"|"3"|"0"|"3"
"ride"|"0.0"|"3"|"0"|"3"
"work"|"0.0"|"13"|"0"|"13"
"mi"|"0.0"|"4"|"0"|"4"
"list"|"0.0"|"4"|"0"|"4"
"gibson"|"0.0"|"4"|"0"|"4"
"vs"|"0.0"|"3"|"0"|"3"
"growing"|"0.0"|"11"|"0"|"11"
"making"|"0.0"|"10"|"0"|"10"
"glad"|"0.0"|"12"|"0"|"12"
"industry"|"0.0"|"4"|"0"|"4"
"history"|"0.0"|"6"|"0"|"6"
"beautiful"|"0.0"|"8"|"0"|"8"
"claim"|"0.0"|"3"|"0"|"3"
"shark"|"0.0"|"10"|"0"|"10"
"multisport"|"0.0"|"5"|"0"|"5"
"figure"|"0.0"|"4"|"0"|"4"
"give"|"0.0"|"22"|"0"|"22"
"awesome"|"0.0"|"19"|"0"|"19"
"hebrew"|"0.0"|"3"|"0"|"3"
"share"|"0.0"|"5"|"0"|"5"
"confused"|"0.0"|"3"|"0"|"3"
"terrible"|"0.0"|"4"|"0"|"4"
"high"|"0.0"|"19"|"0"|"19"
"heard"|"0.0"|"6"|"0"|"6"
"allowed"|"0.0"|"9"|"0"|"9"
"exclude"|"0.0"|"14"|"0"|"14"
"anything"|"0.0"|"18"|"0"|"18"
"uaf"|"0.0"|"4"|"0"|"4"
"hof"|"0.0"|"4"|"0"|"4"
"huge"|"0.0"|"3"|"0"|"3"
"needs"|"0.0"|"7"|"0"|"7"
"end"|"0.0"|"18"|"0"|"18"
"nucks"|"0.0"|"3"|"0"|"3"
"thing"|"0.0"|"24"|"0"|"24"
"complaining"|"0.0"|"3"|"0"|"3"
"travel"|"0.0"|"4"|"0"|"4"
"holds"|"0.0"|"3"|"0"|"3"
"video"|"0.0"|"9"|"0"|"9"
"everyday"|"0.0"|"3"|"0"|"3"
"1"|"0.0"|"9"|"0"|"9"
"amazing"|"0.0"|"10"|"0"|"10"
"pmhttpswwwredditcommessagecomposetokittensfromspace"|"0.0"|"7"|"0"|"7"
"vancouver"|"0.0"|"3"|"0"|"3"
"actual"|"0.0"|"6"|"0"|"6"
"browns"|"0.0"|"12"|"0"|"12"
"michigan"|"0.0"|"7"|"0"|"7"
"rinks"|"0.0"|"6"|"0"|"6"
"itd"|"0.0"|"3"|"0"|"3"
"fever"|"0.0"|"3"|"0"|"3"
"may"|"0.0"|"10"|"0"|"10"
"stop"|"0.0"|"9"|"0"|"9"
"after"|"0.0"|"18"|"0"|"18"
"spot"|"0.0"|"3"|"0"|"3"
"masks"|"0.0"|"4"|"0"|"4"
"per"|"0.0"|"5"|"0"|"5"
"wrong"|"0.0"|"9"|"0"|"9"
"boards"|"0.0"|"4"|"0"|"4"
"lighting"|"0.0"|"4"|"0"|"4"
"mcquaid"|"0.0"|"4"|"0"|"4"
"president"|"0.0"|"4"|"0"|"4"
"suck"|"0.0"|"8"|"0"|"8"
"ovi"|"0.0"|"4"|"0"|"4"
"guys"|"0.0"|"15"|"0"|"15"
"grow"|"0.0"|"3"|"0"|"3"
"las"|"0.0"|"3"|"0"|"3"
"refuse"|"0.0"|"3"|"0"|"3"
"short"|"0.0"|"3"|"0"|"3"
"remember"|"0.0"|"9"|"0"|"9"
"third"|"0.0"|"3"|"0"|"3"
"move"|"0.0"|"6"|"0"|"6"
"communities"|"0.0"|"4"|"0"|"4"
"wins"|"0.0"|"6"|"0"|"6"
"goal"|"0.0"|"7"|"0"|"7"
"counter"|"0.0"|"3"|"0"|"3"
"appreciate"|"0.0"|"3"|"0"|"3"
"think"|"0.0"|"38"|"0"|"38"
"nyr"|"0.0"|"5"|"0"|"5"
"south"|"0.0"|"4"|"0"|"4"
"keeps"|"0.0"|"5"|"0"|"5"
"worst"|"0.0"|"8"|"0"|"8"
"first"|"0.0"|"34"|"0"|"34"
"athletes"|"0.0"|"7"|"0"|"7"
"talk"|"0.0"|"3"|"0"|"3"
"fifa"|"0.0"|"3"|"0"|"3"
"senators"|"0.0"|"4"|"0"|"4"
"shield"|"0.0"|"3"|"0"|"3"
"office"|"0.0"|"4"|"0"|"4"
"over"|"0.0"|"29"|"0"|"29"
"despite"|"0.0"|"3"|"0"|"3"
"soon"|"0.0"|"4"|"0"|"4"
"years"|"0.0"|"42"|"0"|"42"
"isnt"|"0.0"|"19"|"0"|"19"
"jazz"|"0.0"|"6"|"0"|"6"
"looks"|"0.0"|"9"|"0"|"9"
"committee"|"0.0"|"3"|"0"|"3"
"during"|"0.0"|"6"|"0"|"6"
"cold"|"0.0"|"6"|"0"|"6"
"panthers"|"0.0"|"5"|"0"|"5"
"25"|"0.0"|"4"|"0"|"4"
"jacobs"|"0.0"|"49"|"0"|"49"
"police"|"0.0"|"4"|"0"|"4"
"thank"|"0.0"|"7"|"0"|"7"
"personal"|"0.0"|"6"|"0"|"6"
"highlights"|"0.0"|"3"|"0"|"3"
"border"|"0.0"|"3"|"0"|"3"
"actually"|"0.0"|"29"|"0"|"29"
"age"|"0.0"|"3"|"0"|"3"
"production"|"0.0"|"6"|"0"|"6"
"ours"|"0.0"|"3"|"0"|"3"
"decades"|"0.0"|"6"|"0"|"6"
"2010"|"0.0"|"3"|"0"|"3"
"happened"|"0.0"|"4"|"0"|"4"
"sault"|"0.0"|"3"|"0"|"3"
"then"|"0.0"|"33"|"0"|"33"
"return"|"0.0"|"3"|"0"|"3"
"food"|"0.0"|"3"|"0"|"3"
"safe"|"0.0"|"5"|"0"|"5"
"moovit"|"0.0"|"3"|"0"|"3"
"eat"|"0.0"|"5"|"0"|"5"
"break"|"0.0"|"6"|"0"|"6"
"band"|"0.0"|"3"|"0"|"3"
"half"|"0.0"|"3"|"0"|"3"
"schools"|"0.0"|"9"|"0"|"9"
"cage"|"0.0"|"6"|"0"|"6"
"hall"|"0.0"|"6"|"0"|"6"
"wont"|"0.0"|"7"|"0"|"7"
"toronto"|"0.0"|"4"|"0"|"4"
"name"|"0.0"|"7"|"0"|"7"
"edit"|"0.0"|"4"|"0"|"4"
"always"|"0.0"|"17"|"0"|"17"
"university"|"0.0"|"6"|"0"|"6"
"playoff"|"0.0"|"10"|"0"|"10"
"events"|"0.0"|"24"|"0"|"24"
"fixed"|"0.0"|"3"|"0"|"3"
"someone"|"0.0"|"15"|"0"|"15"
"doesnt"|"0.0"|"36"|"0"|"36"
"rangers"|"0.0"|"19"|"0"|"19"
"each"|"0.0"|"7"|"0"|"7"
"found"|"0.0"|"6"|"0"|"6"
"went"|"0.0"|"14"|"0"|"14"
"side"|"0.0"|"4"|"0"|"4"
"publicity"|"0.0"|"3"|"0"|"3"
"week"|"0.0"|"3"|"0"|"3"
"everyone"|"0.0"|"15"|"0"|"15"
"eh"|"0.0"|"4"|"0"|"4"
"doing"|"0.0"|"9"|"0"|"9"
"series"|"0.0"|"4"|"0"|"4"
"hard"|"0.0"|"11"|"0"|"11"
"yeah"|"0.0"|"34"|"0"|"34"
"him"|"0.0"|"31"|"0"|"31"
"brother"|"0.0"|"4"|"0"|"4"
"society"|"0.0"|"8"|"0"|"8"
"shouldnt"|"0.0"|"3"|"0"|"3"
"yiddish"|"0.0"|"3"|"0"|"3"
"year"|"0.0"|"34"|"0"|"34"
"our"|"0.0"|"19"|"0"|"19"
"sharknado"|"0.0"|"7"|"0"|"7"
"teams"|"0.0"|"18"|"0"|"18"
"event"|"0.0"|"14"|"0"|"14"
"really"|"0.0"|"31"|"0"|"31"
"canada"|"0.0"|"19"|"0"|"19"
"living"|"0.0"|"7"|"0"|"7"
"missed"|"0.0"|"3"|"0"|"3"
"jokes"|"0.0"|"3"|"0"|"3"
"profit"|"0.0"|"3"|"0"|"3"
"god"|"0.0"|"16"|"0"|"16"
"since"|"0.0"|"7"|"0"|"7"
"looking"|"0.0"|"5"|"0"|"5"
"stuff"|"0.0"|"6"|"0"|"6"
"hilarious"|"0.0"|"3"|"0"|"3"
"got"|"0.0"|"47"|"0"|"47"
"millions"|"0.0"|"4"|"0"|"4"
"issue"|"0.0"|"4"|"0"|"4"
"correct"|"0.0"|"5"|"0"|"5"
"red"|"0.0"|"4"|"0"|"4"
"she"|"0.0"|"10"|"0"|"10"
"turning"|"0.0"|"3"|"0"|"3"
"state"|"0.0"|"10"|"0"|"10"
"million"|"0.0"|"8"|"0"|"8"
"story"|"0.0"|"10"|"0"|"10"
"standard"|"0.0"|"4"|"0"|"4"
"decent"|"0.0"|"6"|"0"|"6"
"reason"|"0.0"|"7"|"0"|"7"
"masterpiece"|"0.0"|"3"|"0"|"3"
"york"|"0.0"|"3"|"0"|"3"
"members"|"0.0"|"3"|"0"|"3"
"imagine"|"0.0"|"12"|"0"|"12"
"put"|"0.0"|"10"|"0"|"10"
"obligation"|"0.0"|"5"|"0"|"5"
"wanted"|"0.0"|"4"|"0"|"4"
"guy"|"0.0"|"20"|"0"|"20"
"certified"|"0.0"|"4"|"0"|"4"
"thrown"|"0.0"|"3"|"0"|"3"
"definition"|"0.0"|"3"|"0"|"3"
"owners"|"0.0"|"13"|"0"|"13"
"miss"|"0.0"|"5"|"0"|"5"
"created"|"0.0"|"3"|"0"|"3"
"yup"|"0.0"|"4"|"0"|"4"
"could"|"0.0"|"26"|"0"|"26"
"area"|"0.0"|"5"|"0"|"5"
"florida"|"0.0"|"5"|"0"|"5"
"days"|"0.0"|"10"|"0"|"10"
"keep"|"0.0"|"7"|"0"|"7"
"lousy"|"0.0"|"4"|"0"|"4"
"american"|"0.0"|"4"|"0"|"4"
"place"|"0.0"|"10"|"0"|"10"
"massive"|"0.0"|"4"|"0"|"4"
"bulgaria"|"0.0"|"3"|"0"|"3"
"childhood"|"0.0"|"5"|"0"|"5"
"fuckin"|"0.0"|"4"|"0"|"4"
"1000"|"0.0"|"3"|"0"|"3"
"already"|"0.0"|"16"|"0"|"16"
"revenue"|"0.0"|"4"|"0"|"4"
"number"|"0.0"|"6"|"0"|"6"
"one"|"0.0"|"75"|"0"|"75"
"lettuce"|"0.0"|"3"|"0"|"3"
"done"|"0.0"|"5"|"0"|"5"
"fast"|"0.0"|"4"|"0"|"4"
"another"|"0.0"|"9"|"0"|"9"
"such"|"0.0"|"12"|"0"|"12"
"owner"|"0.0"|"6"|"0"|"6"
"says"|"0.0"|"3"|"0"|"3"
"sounds"|"0.0"|"5"|"0"|"5"
"open"|"0.0"|"4"|"0"|"4"
"size"|"0.0"|"6"|"0"|"6"
"fire"|"0.0"|"3"|"0"|"3"
"city"|"0.0"|"13"|"0"|"13"
"law"|"0.0"|"5"|"0"|"5"
"fair"|"0.0"|"8"|"0"|"8"
"quality"|"0.0"|"4"|"0"|"4"
"lego"|"0.0"|"5"|"0"|"5"
"bears"|"0.0"|"6"|"0"|"6"
"totally"|"0.0"|"5"|"0"|"5"
"top"|"0.0"|"6"|"0"|"6"
"least"|"0.0"|"19"|"0"|"19"
"anyone"|"0.0"|"10"|"0"|"10"
"needed"|"0.0"|"6"|"0"|"6"
"2"|"0.0"|"17"|"0"|"17"
"ton"|"0.0"|"5"|"0"|"5"
"statement"|"0.0"|"3"|"0"|"3"
"palestine"|"0.0"|"3"|"0"|"3"
"legally"|"0.0"|"4"|"0"|"4"
"white"|"0.0"|"3"|"0"|"3"
"man"|"0.0"|"22"|"0"|"22"
"national"|"0.0"|"7"|"0"|"7"
"friend"|"0.0"|"10"|"0"|"10"
"gives"|"0.0"|"3"|"0"|"3"
"dolan"|"0.0"|"10"|"0"|"10"
"pittsburgh"|"0.0"|"4"|"0"|"4"
"nobody"|"0.0"|"3"|"0"|"3"
"took"|"0.0"|"11"|"0"|"11"
"meddling"|"0.0"|"3"|"0"|"3"
"dentist"|"0.0"|"22"|"0"|"22"
"part"|"0.0"|"26"|"0"|"26"
"western"|"0.0"|"5"|"0"|"5"
"elite"|"0.0"|"3"|"0"|"3"
"11"|"0.0"|"3"|"0"|"3"
"10"|"0.0"|"6"|"0"|"6"
"13"|"0.0"|"3"|"0"|"3"
"12"|"0.0"|"3"|"0"|"3"
"houghton"|"0.0"|"6"|"0"|"6"
"lmao"|"0.0"|"3"|"0"|"3"
"showed"|"0.0"|"3"|"0"|"3"
"gotten"|"0.0"|"5"|"0"|"5"
"gotta"|"0.0"|"7"|"0"|"7"
"roads"|"0.0"|"4"|"0"|"4"
"project"|"0.0"|"3"|"0"|"3"
"matter"|"0.0"|"5"|"0"|"5"
"cost"|"0.0"|"8"|"0"|"8"
"supposed"|"0.0"|"5"|"0"|"5"
"attention"|"0.0"|"5"|"0"|"5"
"knights"|"0.0"|"4"|"0"|"4"
"toward"|"0.0"|"3"|"0"|"3"
"remembers"|"0.0"|"3"|"0"|"3"
"bet"|"0.0"|"4"|"0"|"4"
"blackhawks"|"0.0"|"4"|"0"|"4"
"san"|"0.0"|"10"|"0"|"10"
"palace"|"0.0"|"4"|"0"|"4"
"wasnt"|"0.0"|"9"|"0"|"9"
"boston"|"0.0"|"11"|"0"|"11"
"mine"|"0.0"|"5"|"0"|"5"
"sad"|"0.0"|"3"|"0"|"3"
"talking"|"0.0"|"6"|"0"|"6"
"say"|"0.0"|"14"|"0"|"14"
"conspiracy"|"0.0"|"3"|"0"|"3"
"rent"|"0.0"|"4"|"0"|"4"
"leafs"|"0.0"|"3"|"0"|"3"
"need"|"0.0"|"25"|"0"|"25"
"seen"|"0.0"|"8"|"0"|"8"
"saw"|"0.0"|"6"|"0"|"6"
"ste"|"0.0"|"3"|"0"|"3"
"angle"|"0.0"|"3"|"0"|"3"
"built"|"0.0"|"6"|"0"|"6"
"self"|"0.0"|"3"|"0"|"3"
"herehttpssecuredawn77807herokuappcom"|"0.0"|"3"|"0"|"3"
"able"|"0.0"|"7"|"0"|"7"
"parks"|"0.0"|"3"|"0"|"3"
"equipment"|"0.0"|"4"|"0"|"4"
"without"|"0.0"|"5"|"0"|"5"
"take"|"0.0"|"21"|"0"|"21"
"gets"|"0.0"|"6"|"0"|"6"
"destroy"|"0.0"|"4"|"0"|"4"
"club"|"0.0"|"8"|"0"|"8"
"play"|"0.0"|"42"|"0"|"42"
"exactly"|"0.0"|"5"|"0"|"5"
"pain"|"0.0"|"3"|"0"|"3"
"though"|"0.0"|"31"|"0"|"31"
"whl"|"0.0"|"3"|"0"|"3"
"price"|"0.0"|"4"|"0"|"4"
"knew"|"0.0"|"8"|"0"|"8"
"paid"|"0.0"|"7"|"0"|"7"
"pretty"|"0.0"|"40"|"0"|"40"
"germany"|"0.0"|"5"|"0"|"5"
"alan"|"0.0"|"5"|"0"|"5"
"letter"|"0.0"|"4"|"0"|"4"
"nothing"|"0.0"|"19"|"0"|"19"
"seasons"|"0.0"|"6"|"0"|"6"
"called"|"0.0"|"16"|"0"|"16"
"america"|"0.0"|"3"|"0"|"3"
"quantify"|"0.0"|"3"|"0"|"3"
"especially"|"0.0"|"6"|"0"|"6"
"won"|"0.0"|"8"|"0"|"8"
"pulled"|"0.0"|"3"|"0"|"3"
"average"|"0.0"|"7"|"0"|"7"
"camp"|"0.0"|"3"|"0"|"3"
"luckily"|"0.0"|"3"|"0"|"3"
"playing"|"0.0"|"22"|"0"|"22"
"looked"|"0.0"|"5"|"0"|"5"
"definitely"|"0.0"|"13"|"0"|"13"
"professional"|"0.0"|"8"|"0"|"8"
"voting"|"0.0"|"6"|"0"|"6"
"wow"|"0.0"|"10"|"0"|"10"
"came"|"0.0"|"7"|"0"|"7"
"laws"|"0.0"|"3"|"0"|"3"
"saying"|"0.0"|"7"|"0"|"7"
"playoffs"|"0.0"|"5"|"0"|"5"
"tron"|"0.0"|"4"|"0"|"4"
"gold"|"0.0"|"4"|"0"|"4"
"show"|"0.0"|"11"|"0"|"11"
"german"|"0.0"|"5"|"0"|"5"
"please"|"0.0"|"8"|"0"|"8"
"agreed"|"0.0"|"5"|"0"|"5"
"assholes"|"0.0"|"3"|"0"|"3"
"anyway"|"0.0"|"3"|"0"|"3"
"subreddit"|"0.0"|"4"|"0"|"4"
"bring"|"0.0"|"10"|"0"|"10"
"winter"|"0.0"|"12"|"0"|"12"
"iihf"|"0.0"|"7"|"0"|"7"
"hc"|"0.0"|"3"|"0"|"3"
"cluney"|"0.0"|"4"|"0"|"4"
"rough"|"0.0"|"4"|"0"|"4"
"find"|"0.0"|"13"|"0"|"13"
"sharks"|"0.0"|"51"|"0"|"51"
"busy"|"0.0"|"3"|"0"|"3"
"knicks"|"0.0"|"3"|"0"|"3"
"front"|"0.0"|"3"|"0"|"3"
"blt"|"0.0"|"3"|"0"|"3"
"dick"|"0.0"|"4"|"0"|"4"
"outside"|"0.0"|"6"|"0"|"6"
"start"|"0.0"|"3"|"0"|"3"
"should"|"0.0"|"33"|"0"|"33"
"held"|"0.0"|"8"|"0"|"8"
"black"|"0.0"|"3"|"0"|"3"
"hockey"|"0.0"|"114"|"0"|"114"
"marathons"|"0.0"|"3"|"0"|"3"
"8"|"0.0"|"4"|"0"|"4"
"b"|"0.0"|"3"|"0"|"3"
"local"|"0.0"|"11"|"0"|"11"
"goalie"|"0.0"|"8"|"0"|"8"
"wearing"|"0.0"|"4"|"0"|"4"
"weve"|"0.0"|"4"|"0"|"4"
"sense"|"0.0"|"3"|"0"|"3"
"watching"|"0.0"|"6"|"0"|"6"
"beat"|"0.0"|"4"|"0"|"4"
"banned"|"0.0"|"4"|"0"|"4"
"uhhh"|"0.0"|"4"|"0"|"4"
"watch"|"0.0"|"17"|"0"|"17"
"kind"|"0.0"|"5"|"0"|"5"
"bear"|"0.0"|"3"|"0"|"3"
"truly"|"0.0"|"3"|"0"|"3"
"next"|"0.0"|"16"|"0"|"16"
"grew"|"0.0"|"7"|"0"|"7"
"nearly"|"0.0"|"4"|"0"|"4"
"theft"|"0.0"|"4"|"0"|"4"
"competing"|"0.0"|"7"|"0"|"7"
"stalingrad"|"0.0"|"4"|"0"|"4"
"dr"|"0.0"|"3"|"0"|"3"
"learned"|"0.0"|"3"|"0"|"3"
"comment"|"0.0"|"9"|"0"|"9"
"freaking"|"0.0"|"3"|"0"|"3"
"following"|"0.0"|"3"|"0"|"3"
"belichick"|"0.0"|"3"|"0"|"3"
"homers"|"0.0"|"6"|"0"|"6"
"worse"|"0.0"|"7"|"0"|"7"
"countries"|"0.0"|"4"|"0"|"4"
"board"|"0.0"|"3"|"0"|"3"
"remove"|"0.0"|"8"|"0"|"8"
"summon"|"0.0"|"5"|"0"|"5"
"twice"|"0.0"|"3"|"0"|"3"
"stupid"|"0.0"|"7"|"0"|"7"
"dallas"|"0.0"|"4"|"0"|"4"
"shots"|"0.0"|"4"|"0"|"4"
"wish"|"0.0"|"4"|"0"|"4"
"ban"|"0.0"|"3"|"0"|"3"
"through"|"0.0"|"17"|"0"|"17"
"river"|"0.0"|"3"|"0"|"3"
"gretzkys"|"0.0"|"3"|"0"|"3"
"view"|"0.0"|"5"|"0"|"5"
"blew"|"0.0"|"3"|"0"|"3"
"set"|"0.0"|"4"|"0"|"4"
"lasers"|"0.0"|"5"|"0"|"5"
"reference"|"0.0"|"6"|"0"|"6"
"devils"|"0.0"|"3"|"0"|"3"
"station"|"0.0"|"6"|"0"|"6"
"reddit"|"0.0"|"10"|"0"|"10"
"defense"|"0.0"|"3"|"0"|"3"
"college"|"0.0"|"9"|"0"|"9"
"confrontational"|"0.0"|"3"|"0"|"3"
"stanley"|"0.0"|"4"|"0"|"4"
"sport"|"0.0"|"8"|"0"|"8"
"wonder"|"0.0"|"6"|"0"|"6"
"danger"|"0.0"|"4"|"0"|"4"
"youth"|"0.0"|"5"|"0"|"5"
"israeli"|"0.0"|"9"|"0"|"9"
"apparently"|"0.0"|"3"|"0"|"3"
"away"|"0.0"|"17"|"0"|"17"
"wikipedia"|"0.0"|"6"|"0"|"6"
"injuries"|"0.0"|"3"|"0"|"3"
"3"|"0.0"|"10"|"0"|"10"
"score"|"0.0"|"3"|"0"|"3"
"olympics"|"0.0"|"6"|"0"|"6"
"hopefully"|"0.0"|"4"|"0"|"4"
"probably"|"0.0"|"24"|"0"|"24"
"teens"|"0.0"|"5"|"0"|"5"
"youll"|"0.0"|"4"|"0"|"4"
"checks"|"0.0"|"3"|"0"|"3"
"wouldve"|"0.0"|"3"|"0"|"3"
"knowing"|"0.0"|"4"|"0"|"4"
"24"|"0.0"|"4"|"0"|"4"
"korea"|"0.0"|"3"|"0"|"3"
"recently"|"0.0"|"5"|"0"|"5"
"opening"|"0.0"|"4"|"0"|"4"
"however"|"0.0"|"5"|"0"|"5"
"blame"|"0.0"|"5"|"0"|"5"
"job"|"0.0"|"3"|"0"|"3"
"death"|"0.0"|"3"|"0"|"3"
"wear"|"0.0"|"6"|"0"|"6"
"reaility"|"0.0"|"4"|"0"|"4"
"fame"|"0.0"|"4"|"0"|"4"
"20"|"0.0"|"7"|"0"|"7"
"cities"|"0.0"|"4"|"0"|"4"
"come"|"0.0"|"13"|"0"|"13"
"garden"|"0.0"|"13"|"0"|"13"
"league"|"0.0"|"38"|"0"|"38"
"c"|"0.0"|"3"|"0"|"3"
"piece"|"0.0"|"8"|"0"|"8"
"last"|"0.0"|"19"|"0"|"19"
"cow"|"0.0"|"4"|"0"|"4"
"career"|"0.0"|"5"|"0"|"5"
"ill"|"0.0"|"12"|"0"|"12"
"ncaa"|"0.0"|"3"|"0"|"3"
"agree"|"0.0"|"7"|"0"|"7"
"s"|"0.0"|"7"|"0"|"7"
"became"|"0.0"|"4"|"0"|"4"
"games"|"0.0"|"56"|"0"|"56"
"interesting"|"0.0"|"3"|"0"|"3"
"informationhttpsnpredditcomrwikitextbotwikiindex"|"0.0"|"7"|"0"|"7"
"fans"|"0.0"|"21"|"0"|"21"
"bots"|"0.0"|"3"|"0"|"3"
"argue"|"0.0"|"4"|"0"|"4"
"whole"|"0.0"|"9"|"0"|"9"
"asked"|"0.0"|"4"|"0"|"4"
"comes"|"0.0"|"8"|"0"|"8"
"honestly"|"0.0"|"6"|"0"|"6"
"6"|"0.0"|"3"|"0"|"3"
"relevant"|"0.0"|"3"|"0"|"3"
"can"|"0.0"|"52"|"0"|"52"
"simple"|"0.0"|"3"|"0"|"3"
"seems"|"0.0"|"9"|"0"|"9"
"loan"|"0.0"|"6"|"0"|"6"
"cg"|"0.0"|"5"|"0"|"5"
"downvote"|"0.0"|"8"|"0"|"8"
"likes"|"0.0"|"4"|"0"|"4"
"article"|"0.0"|"3"|"0"|"3"
"bizarre"|"0.0"|"3"|"0"|"3"
"throughout"|"0.0"|"3"|"0"|"3"
"dream"|"0.0"|"4"|"0"|"4"
"lol"|"0.0"|"16"|"0"|"16"
"conference"|"0.0"|"3"|"0"|"3"
"aviv"|"0.0"|"3"|"0"|"3"
"light"|"0.0"|"6"|"0"|"6"
"cares"|"0.0"|"3"|"0"|"3"
"west"|"0.0"|"4"|"0"|"4"
"political"|"0.0"|"3"|"0"|"3"
"three"|"0.0"|"5"|"0"|"5"
"been"|"0.0"|"35"|"0"|"35"
"whos"|"0.0"|"3"|"0"|"3"
"beer"|"0.0"|"10"|"0"|"10"
"much"|"0.0"|"31"|"0"|"31"
"damn"|"0.0"|"10"|"0"|"10"
"stadium"|"0.0"|"13"|"0"|"13"
"expected"|"0.0"|"3"|"0"|"3"
"laces"|"0.0"|"4"|"0"|"4"
"wants"|"0.0"|"4"|"0"|"4"
"field"|"0.0"|"8"|"0"|"8"
"life"|"0.0"|"9"|"0"|"9"
"bit"|"0.0"|"6"|"0"|"6"
"easy"|"0.0"|"6"|"0"|"6"
"funds"|"0.0"|"3"|"0"|"3"
"both"|"0.0"|"6"|"0"|"6"
"turned"|"0.0"|"3"|"0"|"3"
"else"|"0.0"|"10"|"0"|"10"
"whatever"|"0.0"|"3"|"0"|"3"
"wake"|"0.0"|"5"|"0"|"5"
"catch"|"0.0"|"7"|"0"|"7"
"worked"|"0.0"|"3"|"0"|"3"
"an"|"0.0"|"71"|"0"|"71"
"funk"|"0.0"|"3"|"0"|"3"
"case"|"0.0"|"6"|"0"|"6"
"myself"|"0.0"|"5"|"0"|"5"
"east"|"0.0"|"3"|"0"|"3"
"couple"|"0.0"|"10"|"0"|"10"
"look"|"0.0"|"13"|"0"|"13"
"unlike"|"0.0"|"3"|"0"|"3"
"these"|"0.0"|"30"|"0"|"30"
"means"|"0.0"|"3"|"0"|"3"
"single"|"0.0"|"5"|"0"|"5"
"n"|"0.0"|"3"|"0"|"3"
"will"|"0.0"|"38"|"0"|"38"
"near"|"0.0"|"5"|"0"|"5"
"expecting"|"0.0"|"3"|"0"|"3"
"many"|"0.0"|"20"|"0"|"20"
"newspaper"|"0.0"|"3"|"0"|"3"
"property"|"0.0"|"3"|"0"|"3"
"limitations"|"0.0"|"3"|"0"|"3"
"taking"|"0.0"|"4"|"0"|"4"
"theres"|"0.0"|"30"|"0"|"30"
"ive"|"0.0"|"30"|"0"|"30"
"losses"|"0.0"|"3"|"0"|"3"
"10000"|"0.0"|"5"|"0"|"5"
"ducks"|"0.0"|"3"|"0"|"3"
"player"|"0.0"|"8"|"0"|"8"
"itself"|"0.0"|"3"|"0"|"3"
"contract"|"0.0"|"3"|"0"|"3"
"rid"|"0.0"|"3"|"0"|"3"
"worry"|"0.0"|"6"|"0"|"6"
"different"|"0.0"|"3"|"0"|"3"
"let"|"0.0"|"8"|"0"|"8"
"anymore"|"0.0"|"4"|"0"|"4"
"etc"|"0.0"|"7"|"0"|"7"
"perhaps"|"0.0"|"4"|"0"|"4"
"bowl"|"0.0"|"4"|"0"|"4"
"same"|"0.0"|"26"|"0"|"26"
"ya"|"0.0"|"6"|"0"|"6"
"complex"|"0.0"|"3"|"0"|"3"
"potentially"|"0.0"|"3"|"0"|"3"
"wall"|"0.0"|"4"|"0"|"4"
"grand"|"0.0"|"4"|"0"|"4"
"party"|"0.0"|"5"|"0"|"5"
"flair"|"0.0"|"10"|"0"|"10"
"breaks"|"0.0"|"3"|"0"|"3"
"day"|"0.0"|"13"|"0"|"13"
"development"|"0.0"|"3"|"0"|"3"
"sell"|"0.0"|"6"|"0"|"6"
"used"|"0.0"|"18"|"0"|"18"
"moved"|"0.0"|"3"|"0"|"3"
"town"|"0.0"|"6"|"0"|"6"
"forgotten"|"0.0"|"5"|"0"|"5"
"disagree"|"0.0"|"3"|"0"|"3"
"times"|"0.0"|"9"|"0"|"9"
"action"|"0.0"|"4"|"0"|"4"
"moment"|"0.0"|"3"|"0"|"3"
"uses"|"0.0"|"3"|"0"|"3"
"bettman"|"0.0"|"4"|"0"|"4"
"student"|"0.0"|"4"|"0"|"4"
"fucked"|"0.0"|"5"|"0"|"5"
"build"|"0.0"|"12"|"0"|"12"
"opportunity"|"0.0"|"3"|"0"|"3"
"cartoon"|"0.0"|"3"|"0"|"3"
"understand"|"0.0"|"8"|"0"|"8"
"kid"|"0.0"|"8"|"0"|"8"
"butter"|"0.0"|"10"|"0"|"10"
"early"|"0.0"|"4"|"0"|"4"
"kept"|"0.0"|"3"|"0"|"3"
"center"|"0.0"|"6"|"0"|"6"
"older"|"0.0"|"3"|"0"|"3"
"try"|"0.0"|"7"|"0"|"7"
"builder"|"0.0"|"4"|"0"|"4"
"youre"|"0.0"|"42"|"0"|"42"
"well"|"0.0"|"37"|"0"|"37"
"spent"|"0.0"|"4"|"0"|"4"
"obviously"|"0.0"|"3"|"0"|"3"
"rink"|"0.0"|"23"|"0"|"23"
"contact"|"0.0"|"3"|"0"|"3"
"glorious"|"0.0"|"6"|"0"|"6"
"goals"|"0.0"|"5"|"0"|"5"
"otherwise"|"0.0"|"4"|"0"|"4"
"spend"|"0.0"|"6"|"0"|"6"
"left"|"0.0"|"12"|"0"|"12"
"bending"|"0.0"|"3"|"0"|"3"
"leagues"|"0.0"|"6"|"0"|"6"
"world"|"0.0"|"24"|"0"|"24"
"subscribers"|"0.0"|"3"|"0"|"3"
"photo"|"0.0"|"3"|"0"|"3"
"sporting"|"0.0"|"7"|"0"|"7"
"wealthy"|"0.0"|"4"|"0"|"4"
"rule"|"0.0"|"3"|"0"|"3"
"rest"|"0.0"|"3"|"0"|"3"
"thanks"|"0.0"|"3"|"0"|"3"
"human"|"0.0"|"3"|"0"|"3"
"behind"|"0.0"|"5"|"0"|"5"
"facts"|"0.0"|"4"|"0"|"4"
"yep"|"0.0"|"4"|"0"|"4"
"yes"|"0.0"|"9"|"0"|"9"
"yet"|"0.0"|"7"|"0"|"7"
"gt"|"0.0"|"24"|"0"|"24"
"jose"|"0.0"|"10"|"0"|"10"
"accepted"|"0.0"|"3"|"0"|"3"
"cup"|"0.0"|"16"|"0"|"16"
"thinking"|"0.0"|"7"|"0"|"7"
"practice"|"0.0"|"3"|"0"|"3"
"drunk"|"0.0"|"4"|"0"|"4"
"except"|"0.0"|"4"|"0"|"4"
"silver"|"0.0"|"5"|"0"|"5"
"source"|"0.0"|"4"|"0"|"4"
"lets"|"0.0"|"14"|"0"|"14"
"other"|"0.0"|"30"|"0"|"30"
"4"|"0.0"|"7"|"0"|"7"
"innocent"|"0.0"|"4"|"0"|"4"
"sweet"|"0.0"|"5"|"0"|"5"
"has"|"0.0"|"45"|"0"|"45"
"boys"|"0.0"|"3"|"0"|"3"
"around"|"0.0"|"14"|"0"|"14"
"kills"|"0.0"|"3"|"0"|"3"
"government"|"0.0"|"5"|"0"|"5"
"big"|"0.0"|"16"|"0"|"16"
"mayo"|"0.0"|"4"|"0"|"4"
"bulls"|"0.0"|"6"|"0"|"6"
"gonna"|"0.0"|"12"|"0"|"12"
"dark"|"0.0"|"5"|"0"|"5"
"jersey"|"0.0"|"3"|"0"|"3"
"five"|"0.0"|"4"|"0"|"4"
"mom"|"0.0"|"4"|"0"|"4"
"performance"|"0.0"|"3"|"0"|"3"
"using"|"0.0"|"4"|"0"|"4"
"clunes"|"0.0"|"3"|"0"|"3"
"burns"|"0.0"|"4"|"0"|"4"
"div"|"0.0"|"3"|"0"|"3"
"wings"|"0.0"|"3"|"0"|"3"
"mod"|"0.0"|"7"|"0"|"7"
"instead"|"0.0"|"6"|"0"|"6"
"d"|"0.0"|"10"|"0"|"10"
"lost"|"0.0"|"4"|"0"|"4"
"message"|"0.0"|"3"|"0"|"3"
"50"|"0.0"|"4"|"0"|"4"
"lemming"|"0.0"|"3"|"0"|"3"
"theyre"|"0.0"|"10"|"0"|"10"
"heart"|"0.0"|"3"|"0"|"3"
"audience"|"0.0"|"4"|"0"|"4"
"night"|"0.0"|"5"|"0"|"5"
"popular"|"0.0"|"7"|"0"|"7"
"become"|"0.0"|"5"|"0"|"5"
"v024"|"0.0"|"7"|"0"|"7"
"page"|"0.0"|"10"|"0"|"10"
"names"|"0.0"|"3"|"0"|"3"
"old"|"0.0"|"10"|"0"|"10"
"jews"|"0.0"|"16"|"0"|"16"
"crowd"|"0.0"|"4"|"0"|"4"
"fucking"|"0.0"|"29"|"0"|"29"
"30"|"0.0"|"3"|"0"|"3"
"some"|"0.0"|"44"|"0"|"44"
"somehow"|"0.0"|"4"|"0"|"4"
"calling"|"0.0"|"8"|"0"|"8"
"born"|"0.0"|"3"|"0"|"3"
"election"|"0.0"|"3"|"0"|"3"
"cleveland"|"0.0"|"3"|"0"|"3"
"reminds"|"0.0"|"3"|"0"|"3"
"unless"|"0.0"|"3"|"0"|"3"
"72"|"0.0"|"7"|"0"|"7"
"guess"|"0.0"|"11"|"0"|"11"
"reasons"|"0.0"|"3"|"0"|"3"
"canadians"|"0.0"|"3"|"0"|"3"
"happens"|"0.0"|"3"|"0"|"3"
"gross"|"0.0"|"5"|"0"|"5"
"jeremy"|"0.0"|"12"|"0"|"12"
"bottom"|"0.0"|"3"|"0"|"3"
"literally"|"0.0"|"4"|"0"|"4"
"normal"|"0.0"|"6"|"0"|"6"
"future"|"0.0"|"3"|"0"|"3"
"comments"|"0.0"|"5"|"0"|"5"
"everything"|"0.0"|"7"|"0"|"7"
"rall"|"0.0"|"3"|"0"|"3"
"avs"|"0.0"|"10"|"0"|"10"
"expensive"|"0.0"|"9"|"0"|"9"
"assuming"|"0.0"|"4"|"0"|"4"
"shitposts"|"0.0"|"9"|"0"|"9"
"t"|"0.0"|"3"|"0"|"3"
"cgi"|"0.0"|"5"|"0"|"5"
"business"|"0.0"|"4"|"0"|"4"
"deleted"|"0.0"|"6"|"0"|"6"
"dental"|"0.0"|"5"|"0"|"5"
"flyers"|"0.0"|"4"|"0"|"4"
"agreement"|"0.0"|"7"|"0"|"7"
"pens"|"0.0"|"8"|"0"|"8"
"although"|"0.0"|"7"|"0"|"7"
"putting"|"0.0"|"6"|"0"|"6"
"losing"|"0.0"|"3"|"0"|"3"
"r"|"0.0"|"4"|"0"|"4"
"super"|"0.0"|"9"|"0"|"9"
"between"|"0.0"|"5"|"0"|"5"
"works"|"0.0"|"3"|"0"|"3"
"nanooks"|"0.0"|"6"|"0"|"6"
"working"|"0.0"|"5"|"0"|"5"
"oh"|"0.0"|"29"|"0"|"29"
"island"|"0.0"|"4"|"0"|"4"
"dollars"|"0.0"|"5"|"0"|"5"
"army"|"0.0"|"3"|"0"|"3"
"favorite"|"0.0"|"10"|"0"|"10"
"costs"|"0.0"|"8"|"0"|"8"
"fundraisers"|"0.0"|"4"|"0"|"4"
"idk"|"0.0"|"4"|"0"|"4"
"pockets"|"0.0"|"3"|"0"|"3"
"youve"|"0.0"|"4"|"0"|"4"
"palestinians"|"0.0"|"3"|"0"|"3"
"or"|"0.0"|"76"|"0"|"76"
"road"|"0.0"|"4"|"0"|"4"
"plan"|"0.0"|"4"|"0"|"4"
"seeing"|"0.0"|"7"|"0"|"7"
"tel"|"0.0"|"3"|"0"|"3"
"whats"|"0.0"|"11"|"0"|"11"
"subs"|"0.0"|"3"|"0"|"3"
"followed"|"0.0"|"3"|"0"|"3"
"youd"|"0.0"|"3"|"0"|"3"
"washington"|"0.0"|"5"|"0"|"5"
"ahl"|"0.0"|"6"|"0"|"6"
"two"|"0.0"|"24"|"0"|"24"
"fundraiser"|"0.0"|"4"|"0"|"4"
"guard"|"0.0"|"4"|"0"|"4"
"fundraising"|"0.0"|"6"|"0"|"6"
"tiny"|"0.0"|"3"|"0"|"3"
"kinda"|"0.0"|"3"|"0"|"3"
"sized"|"0.0"|"5"|"0"|"5"
"often"|"0.0"|"4"|"0"|"4"
"bought"|"0.0"|"4"|"0"|"4"
"accused"|"0.0"|"4"|"0"|"4"
"deal"|"0.0"|"18"|"0"|"18"
"her"|"0.0"|"6"|"0"|"6"
"friends"|"0.0"|"5"|"0"|"5"
"support"|"0.0"|"4"|"0"|"4"
"there"|"0.0"|"85"|"0"|"85"
"question"|"0.0"|"4"|"0"|"4"
"hey"|"0.0"|"9"|"0"|"9"
"hed"|"0.0"|"3"|"0"|"3"
"absolutely"|"0.0"|"4"|"0"|"4"
"camera"|"0.0"|"4"|"0"|"4"
"low"|"0.0"|"5"|"0"|"5"
"way"|"0.0"|"29"|"0"|"29"
"house"|"0.0"|"5"|"0"|"5"
"music"|"0.0"|"7"|"0"|"7"
"media"|"0.0"|"7"|"0"|"7"
"head"|"0.0"|"4"|"0"|"4"
"himself"|"0.0"|"4"|"0"|"4"
"north"|"0.0"|"9"|"0"|"9"
"enough"|"0.0"|"10"|"0"|"10"
"jewish"|"0.0"|"16"|"0"|"16"
"hs"|"0.0"|"3"|"0"|"3"
"bite"|"0.0"|"3"|"0"|"3"
"back"|"0.0"|"26"|"0"|"26"
"taken"|"0.0"|"3"|"0"|"3"
"neutral"|"0.0"|"11"|"0"|"11"
"competition"|"0.0"|"4"|"0"|"4"
"jagr"|"0.0"|"3"|"0"|"3"
"didnt"|"0.0"|"36"|"0"|"36"
"trying"|"0.0"|"8"|"0"|"8"
"made"|"0.0"|"18"|"0"|"18"
"largest"|"0.0"|"4"|"0"|"4"
"fulfilling"|"0.0"|"3"|"0"|"3"
"dicks"|"0.0"|"3"|"0"|"3"
"morning"|"0.0"|"6"|"0"|"6"
"politics"|"0.0"|"4"|"0"|"4"
"until"|"0.0"|"10"|"0"|"10"
"international"|"0.0"|"10"|"0"|"10"
"record"|"0.0"|"6"|"0"|"6"
"ago"|"0.0"|"16"|"0"|"16"
"zamboni"|"0.0"|"3"|"0"|"3"
"minutes"|"0.0"|"5"|"0"|"5"
"propaganda"|"0.0"|"6"|"0"|"6"
"skating"|"0.0"|"3"|"0"|"3"
"gone"|"0.0"|"4"|"0"|"4"
"sometimes"|"0.0"|"5"|"0"|"5"
"geese"|"0.0"|"3"|"0"|"3"
"links"|"0.0"|"3"|"0"|"3"
"classic"|"0.0"|"10"|"0"|"10"
"ah"|"0.0"|"4"|"0"|"4"
"lived"|"0.0"|"3"|"0"|"3"
"tournament"|"0.0"|"8"|"0"|"8"
"deep"|"0.0"|"3"|"0"|"3"
"fellow"|"0.0"|"3"|"0"|"3"
"fly"|"0.0"|"4"|"0"|"4"
"intro"|"0.0"|"21"|"0"|"21"
"khl"|"0.0"|"3"|"0"|"3"
"obligations"|"0.0"|"5"|"0"|"5"
"watched"|"0.0"|"4"|"0"|"4"
"face"|"0.0"|"5"|"0"|"5"
"happen"|"0.0"|"4"|"0"|"4"
"knows"|"0.0"|"3"|"0"|"3"
"hit"|"0.0"|"4"|"0"|"4"
"again"|"0.0"|"14"|"0"|"14"
"compared"|"0.0"|"3"|"0"|"3"
"nah"|"0.0"|"5"|"0"|"5"
"til"|"0.0"|"4"|"0"|"4"
"ny"|"0.0"|"3"|"0"|"3"
"5"|"0.0"|"4"|"0"|"4"
"sick"|"0.0"|"5"|"0"|"5"
"mass"|"0.0"|"3"|"0"|"3"
"nice"|"0.0"|"14"|"0"|"14"
"polar"|"0.0"|"3"|"0"|"3"
"ur"|"0.0"|"3"|"0"|"3"
"separate"|"0.0"|"3"|"0"|"3"
"favourite"|"0.0"|"3"|"0"|"3"
"football"|"0.0"|"4"|"0"|"4"
"stay"|"0.0"|"6"|"0"|"6"
"chance"|"0.0"|"6"|"0"|"6"
"important"|"0.0"|"4"|"0"|"4"
"massachusetts"|"0.0"|"5"|"0"|"5"
"sabres"|"0.0"|"3"|"0"|"3"
"thirdlargest"|"0.0"|"4"|"0"|"4"
"weekend"|"0.0"|"5"|"0"|"5"
"sides"|"0.0"|"3"|"0"|"3"
"legal"|"0.0"|"4"|"0"|"4"
"building"|"0.0"|"7"|"0"|"7"
"younger"|"0.0"|"3"|"0"|"3"
"land"|"0.0"|"4"|"0"|"4"
"e"|"0.0"|"3"|"0"|"3"
"happening"|"0.0"|"4"|"0"|"4"
"assume"|"0.0"|"4"|"0"|"4"
"cheaper"|"0.0"|"4"|"0"|"4"
"youtube"|"0.0"|"3"|"0"|"3"
"parsons"|"0.0"|"5"|"0"|"5"
"ottawa"|"0.0"|"6"|"0"|"6"
"2001"|"0.0"|"4"|"0"|"4"
"u"|"0.0"|"3"|"0"|"3"
"adam"|"0.0"|"6"|"0"|"6"
"rhockey"|"0.0"|"6"|"0"|"6"
"far"|"0.0"|"8"|"0"|"8"
"serious"|"0.0"|"3"|"0"|"3"
"once"|"0.0"|"9"|"0"|"9"
"original"|"0.0"|"7"|"0"|"7"
"robbed"|"0.0"|"3"|"0"|"3"
"with"|"0.007633587786259542"|"131"|"1"|"130"
"so"|"0.008333333333333333"|"120"|"1"|"119"
"that"|"0.00906344410876133"|"331"|"3"|"328"
"like"|"0.009523809523809525"|"105"|"1"|"104"
"was"|"0.01020408163265306"|"196"|"2"|"194"
""|"0.010752688172043012"|"186"|"2"|"184"
"up"|"0.010752688172043012"|"93"|"1"|"92"
"on"|"0.011627906976744186"|"172"|"2"|"170"
"what"|"0.012987012987012988"|"77"|"1"|"76"
"this"|"0.014285714285714285"|"210"|"3"|"207"
"have"|"0.014598540145985401"|"137"|"2"|"135"
"get"|"0.014705882352941176"|"68"|"1"|"67"
"when"|"0.014925373134328358"|"67"|"1"|"66"
"be"|"0.015267175572519083"|"131"|"2"|"129"
"who"|"0.015625"|"64"|"1"|"63"
"team"|"0.01639344262295082"|"61"|"1"|"60"
"at"|"0.01680672268907563"|"119"|"2"|"117"
"it"|"0.016835016835016835"|"297"|"5"|"292"
"the"|"0.0170316301703163"|"1233"|"21"|"1212"
"are"|"0.017094017094017096"|"117"|"2"|"115"
"as"|"0.017094017094017096"|"117"|"2"|"115"
"by"|"0.01818181818181818"|"55"|"1"|"54"
"his"|"0.018867924528301886"|"53"|"1"|"52"
"good"|"0.018867924528301886"|"53"|"1"|"52"
"time"|"0.018867924528301886"|"53"|"1"|"52"
"fuck"|"0.02"|"50"|"1"|"49"
"now"|"0.02"|"50"|"1"|"49"
"for"|"0.020242914979757085"|"247"|"5"|"242"
"in"|"0.022222222222222223"|"360"|"8"|"352"
"we"|"0.022988505747126436"|"87"|"2"|"85"
"shit"|"0.023809523809523808"|"42"|"1"|"41"
"they"|"0.023952095808383235"|"167"|"4"|"163"
"is"|"0.024024024024024024"|"333"|"8"|"325"
"im"|"0.02531645569620253"|"79"|"2"|"77"
"a"|"0.026143790849673203"|"612"|"16"|"596"
"did"|"0.02631578947368421"|"38"|"1"|"37"
"right"|"0.02631578947368421"|"38"|"1"|"37"
"of"|"0.02669902912621359"|"412"|"11"|"401"
"just"|"0.02702702702702703"|"111"|"3"|"108"
"game"|"0.02702702702702703"|"74"|"2"|"72"
"and"|"0.028446389496717725"|"457"|"13"|"444"
"cant"|"0.02857142857142857"|"35"|"1"|"34"
"see"|"0.030303030303030304"|"33"|"1"|"32"
"how"|"0.03076923076923077"|"65"|"2"|"63"
"about"|"0.03076923076923077"|"65"|"2"|"63"
"he"|"0.030927835051546393"|"97"|"3"|"94"
"also"|"0.03125"|"32"|"1"|"31"
"you"|"0.03137254901960784"|"255"|"8"|"247"
"people"|"0.031746031746031744"|"63"|"2"|"61"
"into"|"0.03225806451612903"|"31"|"1"|"30"
"to"|"0.03247863247863248"|"585"|"19"|"566"
"those"|"0.03333333333333333"|"30"|"1"|"29"
"where"|"0.03333333333333333"|"30"|"1"|"29"
"off"|"0.034482758620689655"|"29"|"1"|"28"
"clune"|"0.034482758620689655"|"29"|"1"|"28"
"because"|"0.034482758620689655"|"29"|"1"|"28"
"i"|"0.035955056179775284"|"445"|"16"|"429"
"something"|"0.037037037037037035"|"27"|"1"|"26"
"know"|"0.03773584905660377"|"53"|"2"|"51"
"out"|"0.03896103896103896"|"77"|"3"|"74"
"us"|"0.04"|"25"|"1"|"24"
"its"|"0.040229885057471264"|"174"|"7"|"167"
"if"|"0.040983606557377046"|"122"|"5"|"117"
"before"|"0.041666666666666664"|"24"|"1"|"23"
"your"|"0.041666666666666664"|"72"|"3"|"69"
"home"|"0.041666666666666664"|"24"|"1"|"23"
"no"|"0.041666666666666664"|"72"|"3"|"69"
"getting"|"0.043478260869565216"|"23"|"1"|"22"
"best"|"0.043478260869565216"|"23"|"1"|"22"
"nhl"|"0.045454545454545456"|"22"|"1"|"21"
"not"|"0.046153846153846156"|"130"|"6"|"124"
"played"|"0.047619047619047616"|"21"|"1"|"20"
"too"|"0.04878048780487805"|"41"|"2"|"39"
"new"|"0.05"|"20"|"1"|"19"
"better"|"0.05"|"20"|"1"|"19"
"only"|"0.05"|"40"|"2"|"38"
"would"|"0.05194805194805195"|"77"|"4"|"73"
"were"|"0.05194805194805195"|"77"|"4"|"73"
"live"|"0.05263157894736842"|"19"|"1"|"18"
"more"|"0.05357142857142857"|"56"|"3"|"53"
"point"|"0.05555555555555555"|"18"|"1"|"17"
"but"|"0.05714285714285714"|"140"|"8"|"132"
"all"|"0.05813953488372093"|"86"|"5"|"81"
"thought"|"0.058823529411764705"|"17"|"1"|"16"
"long"|"0.058823529411764705"|"17"|"1"|"16"
"am"|"0.058823529411764705"|"17"|"1"|"16"
"money"|"0.06"|"50"|"3"|"47"
"than"|"0.06060606060606061"|"33"|"2"|"31"
"why"|"0.06060606060606061"|"33"|"2"|"31"
"still"|"0.06060606060606061"|"33"|"2"|"31"
"fan"|"0.0625"|"16"|"1"|"15"
"said"|"0.0625"|"16"|"1"|"15"
"things"|"0.0625"|"16"|"1"|"15"
"pay"|"0.0625"|"32"|"2"|"30"
"post"|"0.0625"|"16"|"1"|"15"
"own"|"0.0625"|"16"|"1"|"15"
"having"|"0.06666666666666667"|"15"|"1"|"14"
"their"|"0.06779661016949153"|"59"|"4"|"55"
"my"|"0.06837606837606838"|"117"|"8"|"109"
"most"|"0.07142857142857142"|"28"|"2"|"26"
"rules"|"0.07142857142857142"|"14"|"1"|"13"
"even"|"0.07317073170731707"|"41"|"3"|"38"
"going"|"0.07317073170731707"|"41"|"3"|"38"
"make"|"0.07317073170731707"|"41"|"3"|"38"
"lot"|"0.07407407407407407"|"27"|"2"|"25"
"hes"|"0.07407407407407407"|"27"|"2"|"25"
"do"|"0.07462686567164178"|"67"|"5"|"62"
"had"|"0.075"|"40"|"3"|"37"
"little"|"0.07692307692307693"|"13"|"1"|"12"
"maybe"|"0.07692307692307693"|"13"|"1"|"12"
"person"|"0.07692307692307693"|"13"|"1"|"12"
"being"|"0.07692307692307693"|"26"|"2"|"24"
"which"|"0.08333333333333333"|"24"|"2"|"22"
"read"|"0.08333333333333333"|"12"|"1"|"11"
"me"|"0.0847457627118644"|"59"|"5"|"54"
"season"|"0.08695652173913043"|"23"|"2"|"21"
"sure"|"0.08695652173913043"|"23"|"2"|"21"
"fun"|"0.09090909090909091"|"11"|"1"|"10"
"believe"|"0.09090909090909091"|"11"|"1"|"10"
"might"|"0.09090909090909091"|"11"|"1"|"10"
"almost"|"0.09090909090909091"|"11"|"1"|"10"
"real"|"0.09090909090909091"|"11"|"1"|"10"
"dont"|"0.09302325581395349"|"86"|"8"|"78"
"any"|"0.09375"|"32"|"3"|"29"
"them"|"0.09433962264150944"|"53"|"5"|"48"
"down"|"0.1"|"10"|"1"|"9"
"true"|"0.1"|"10"|"1"|"9"
"buffalo"|"0.1"|"10"|"1"|"9"
"taxes"|"0.10344827586206896"|"29"|"3"|"26"
"joke"|"0.1111111111111111"|"9"|"1"|"8"
"hell"|"0.1111111111111111"|"18"|"2"|"16"
"mean"|"0.1111111111111111"|"9"|"1"|"8"
"free"|"0.1111111111111111"|"9"|"1"|"8"
"hope"|"0.1111111111111111"|"9"|"1"|"8"
"against"|"0.1111111111111111"|"9"|"1"|"8"
"community"|"0.1111111111111111"|"18"|"2"|"16"
"jesus"|"0.1111111111111111"|"9"|"1"|"8"
"call"|"0.125"|"8"|"1"|"7"
"shitpost"|"0.125"|"8"|"1"|"7"
"points"|"0.125"|"8"|"1"|"7"
"income"|"0.125"|"8"|"1"|"7"
"rich"|"0.13043478260869565"|"23"|"3"|"20"
"paying"|"0.13333333333333333"|"15"|"2"|"13"
"players"|"0.13333333333333333"|"15"|"2"|"13"
"entire"|"0.14285714285714285"|"7"|"1"|"6"
"win"|"0.14285714285714285"|"7"|"1"|"6"
"family"|"0.14285714285714285"|"7"|"1"|"6"
"palestinian"|"0.14285714285714285"|"7"|"1"|"6"
"course"|"0.14285714285714285"|"7"|"1"|"6"
"ass"|"0.14285714285714285"|"7"|"1"|"6"
"close"|"0.14285714285714285"|"7"|"1"|"6"
"help"|"0.14285714285714285"|"7"|"1"|"6"
"bad"|"0.14285714285714285"|"14"|"2"|"12"
"country"|"0.14285714285714285"|"14"|"2"|"12"
"plus"|"0.14285714285714285"|"7"|"1"|"6"
"dad"|"0.14285714285714285"|"7"|"1"|"6"
"id"|"0.15789473684210525"|"19"|"3"|"16"
"want"|"0.16"|"25"|"4"|"21"
"extra"|"0.16666666666666666"|"6"|"1"|"5"
"tax"|"0.16666666666666666"|"24"|"4"|"20"
"rather"|"0.16666666666666666"|"6"|"1"|"5"
"clearly"|"0.16666666666666666"|"6"|"1"|"5"
"less"|"0.16666666666666666"|"12"|"2"|"10"
"bunch"|"0.16666666666666666"|"6"|"1"|"5"
"couldnt"|"0.16666666666666666"|"6"|"1"|"5"
"line"|"0.16666666666666666"|"6"|"1"|"5"
"posting"|"0.2"|"5"|"1"|"4"
"stick"|"0.2"|"5"|"1"|"4"
"scoring"|"0.2"|"5"|"1"|"4"
"choose"|"0.2"|"5"|"1"|"4"
"feel"|"0.2"|"15"|"3"|"12"
"mind"|"0.2"|"10"|"2"|"8"
"necessary"|"0.2"|"5"|"1"|"4"
"jerusalem"|"0.2"|"5"|"1"|"4"
"expect"|"0.2"|"5"|"1"|"4"
"offseason"|"0.2"|"5"|"1"|"4"
"title"|"0.25"|"4"|"1"|"3"
"today"|"0.25"|"4"|"1"|"3"
"lives"|"0.25"|"4"|"1"|"3"
"numbers"|"0.25"|"4"|"1"|"3"
"ones"|"0.25"|"4"|"1"|"3"
"due"|"0.25"|"4"|"1"|"3"
"funding"|"0.25"|"4"|"1"|"3"
"blue"|"0.25"|"4"|"1"|"3"
"add"|"0.25"|"4"|"1"|"3"
"con"|"0.25"|"4"|"1"|"3"
"equivalent"|"0.25"|"4"|"1"|"3"
"gave"|"0.25"|"4"|"1"|"3"
"either"|"0.25"|"8"|"2"|"6"
"wouldnt"|"0.2727272727272727"|"11"|"3"|"8"
"care"|"0.2857142857142857"|"7"|"2"|"5"
"obligated"|"0.3"|"10"|"3"|"7"
"solution"|"0.3333333333333333"|"3"|"1"|"2"
"era"|"0.3333333333333333"|"3"|"1"|"2"
"discussion"|"0.3333333333333333"|"3"|"1"|"2"
"mods"|"0.3333333333333333"|"3"|"1"|"2"
"ok"|"0.3333333333333333"|"3"|"1"|"2"
"regular"|"0.3333333333333333"|"3"|"1"|"2"
"reading"|"0.3333333333333333"|"3"|"1"|"2"
"fund"|"0.3333333333333333"|"3"|"1"|"2"
"spirit"|"0.3333333333333333"|"3"|"1"|"2"
"chill"|"0.3333333333333333"|"3"|"1"|"2"
"funny"|"0.3333333333333333"|"3"|"1"|"2"
"80s"|"0.3333333333333333"|"3"|"1"|"2"
"difficult"|"0.3333333333333333"|"3"|"1"|"2"
"step"|"0.3333333333333333"|"3"|"1"|"2"
"spending"|"0.3333333333333333"|"3"|"1"|"2"
"interest"|"0.3333333333333333"|"3"|"1"|"2"
"themselves"|"0.3333333333333333"|"3"|"1"|"2"
"blowing"|"0.3333333333333333"|"3"|"1"|"2"
"gretzky"|"0.3333333333333333"|"3"|"1"|"2"
"likely"|"0.4"|"5"|"2"|"3"
"dead"|"0.4"|"5"|"2"|"3"
"large"|"0.5"|"4"|"2"|"2"
"fam"|"0.6666666666666666"|"3"|"2"|"1"
